{
  "generated_at": "2026-04-11T02:52:57.801Z",
  "mode": "full",
  "host_count": 10000,
  "rounds": 6,
  "index": {
    "exact": 19,
    "suffix": 27,
    "keyword": 53
  },
  "results": {
    "repeated": {
      "baseline": {
        "avg_ms": 2272.152833333333,
        "ops_per_sec": 4401
      },
      "optimized": {
        "avg_ms": 325.1991666666666,
        "ops_per_sec": 30750
      }
    },
    "diverse": {
      "baseline": {
        "avg_ms": 2547.297333333334,
        "ops_per_sec": 3926
      },
      "optimized": {
        "avg_ms": 497.6388333333325,
        "ops_per_sec": 20095
      }
    }
  },
  "optimized_stats": {
    "exact": 210,
    "suffix": 119790,
    "keyword": 0,
    "cacheHit": 0,
    "cacheMiss": 120000
  }
}
