{
  "generated_at": "2026-04-11T05:01:47.293Z",
  "mode": "fast",
  "host_count": 3000,
  "rounds": 3,
  "index": {
    "exact": 19,
    "suffix": 27,
    "keyword": 53
  },
  "results": {
    "repeated": {
      "baseline": {
        "avg_ms": 695.6669999999999,
        "ops_per_sec": 4312
      },
      "optimized": {
        "avg_ms": 94.18133333333328,
        "ops_per_sec": 31853
      }
    },
    "diverse": {
      "baseline": {
        "avg_ms": 723.5620000000002,
        "ops_per_sec": 4146
      },
      "optimized": {
        "avg_ms": 120.69400000000041,
        "ops_per_sec": 24856
      }
    }
  },
  "optimized_stats": {
    "exact": 30,
    "suffix": 17694,
    "keyword": 0,
    "cacheHit": 276,
    "cacheMiss": 17724
  }
}
