{
  "generated_at": "2026-04-11T04:25:44.855Z",
  "mode": "fast",
  "host_count": 3000,
  "rounds": 3,
  "index": {
    "exact": 19,
    "suffix": 27,
    "keyword": 53
  },
  "results": {
    "repeated": {
      "baseline": {
        "avg_ms": 691.7786666666667,
        "ops_per_sec": 4337
      },
      "optimized": {
        "avg_ms": 93.61266666666658,
        "ops_per_sec": 32047
      }
    },
    "diverse": {
      "baseline": {
        "avg_ms": 716.5553333333338,
        "ops_per_sec": 4187
      },
      "optimized": {
        "avg_ms": 122.9333333333331,
        "ops_per_sec": 24403
      }
    }
  },
  "optimized_stats": {
    "exact": 30,
    "suffix": 17694,
    "keyword": 0,
    "cacheHit": 276,
    "cacheMiss": 17724
  }
}
