{
  "generated_at": "2026-04-11T04:38:03.828Z",
  "mode": "fast",
  "host_count": 3000,
  "rounds": 3,
  "index": {
    "exact": 19,
    "suffix": 27,
    "keyword": 53
  },
  "results": {
    "repeated": {
      "baseline": {
        "avg_ms": 693.6639999999999,
        "ops_per_sec": 4325
      },
      "optimized": {
        "avg_ms": 92.89766666666658,
        "ops_per_sec": 32294
      }
    },
    "diverse": {
      "baseline": {
        "avg_ms": 707.5603333333333,
        "ops_per_sec": 4240
      },
      "optimized": {
        "avg_ms": 119.64666666666623,
        "ops_per_sec": 25074
      }
    }
  },
  "optimized_stats": {
    "exact": 30,
    "suffix": 17694,
    "keyword": 0,
    "cacheHit": 276,
    "cacheMiss": 17724
  }
}
